,N data,ACC,ROCAUC,WD test,WD grid,Avg UE,Std UE,Mean KL-div test,Mean KL-div grid,LogLoss,Q-P dist,ECE,MCE,RMSCE
0,1000,0.7346734673467347,0.7947408619360465,0.02985142773722707,0.15180034396132017,0.040783686410437045,0.02663237697671762,0.01166114653129494,0.027780294146750796,0.5413072195546821,0.06456724385229179,0.032138463109731674,0.19154566526412964,0.04432905465364456
