,N data,ACC,ROCAUC,WD test,WD grid,Avg UE,Std UE,Mean KL-div test,Mean KL-div grid,LogLoss,ECE,MCE,RMSCE
0,250,0.712971297129713,0.7880890349955092,0.09442621495316408,0.14440646086492,0.05235089857608079,0.03611481437526664,0.03784811092772923,0.023963257805899335,0.6261694020855432,0.10488135367631912,0.2405470758676529,0.12216733396053314
1,1000,0.7311731173117312,0.792673982970702,0.031148502392114818,0.0837934170359061,0.03931574192664067,0.02346139817966873,0.010982884805789994,0.011882029119037909,0.5423319387074714,0.02882271446287632,0.18731564283370972,0.04311683028936386
2,5000,0.73997399739974,0.8065292247342177,0.020770213673714538,0.04443115972780758,0.03535834649187918,0.023973888693516604,0.0026440682521635646,0.004427786484610702,0.5211425590415608,0.025694241747260094,0.9463614225387573,0.0348992757499218
