,N data,ACC,ROCAUC,WD test,WD grid,Avg UE,Std UE,Mean KL-div test,Mean KL-div grid,LogLoss,Q-P dist,ECE,MCE,RMSCE
0,1000,0.6845684568456846,0.800432306927835,0.14077569374836643,0.04206191002350371,0.22283772,0.025390936,0.0653268023815437,0.0122646423545473,0.61590417442026,0.14434292674406082,0.13631564378738403,0.37144380807876587,0.18417465686798096
