,N data,ACC,ROCAUC,WD test,WD grid,Avg UE,Std UE,Mean KL-div test,Mean KL-div grid,LogLoss,ECE,MCE,RMSCE
0,250,0.5902590259025903,0.6238853899257553,0.02349333229347688,0.06661255808168451,0.07441940148278428,0.027680294109797523,0.02999452691650161,0.061423532065774576,0.6877020193621585,0.07229898869991302,0.1760057806968689,0.0863385871052742
1,500,0.6113611361136113,0.642680733514847,0.017082736207897423,0.0401967863745776,0.0757879717628463,0.03193998035723416,0.013555119806094897,0.026809302566200767,0.6599384986377297,0.03843061998486519,0.1136404424905777,0.04656987264752388
2,1000,0.6214621462146215,0.6623480657390157,0.015068638101527301,0.034040493396800466,0.06135944909022902,0.014607134031953834,0.006415097286312355,0.015841566944928134,0.6465526776414672,0.01594563201069832,0.05083298683166504,0.023706000298261642
3,2000,0.6267626762676267,0.6706537159724757,0.024667105456922155,0.041990148724864076,0.05760504770266026,0.0158543903848835,0.00473722168181891,0.01113455521085846,0.6424789637171172,0.029687397181987762,0.1358182430267334,0.03625562787055969
4,3000,0.6365636563656366,0.6789744318838885,0.01201338520080535,0.024059802421014614,0.05477683072873287,0.008398286873358543,0.0021513291794883756,0.00518113468841262,0.6362763160962209,0.015950599685311317,0.02663096785545349,0.017305361106991768
5,5000,0.6357635763576358,0.6798084261996662,0.012123760946676722,0.025972005297218714,0.05209962788122812,0.009187356345881423,0.001798190980060669,0.0045807546308779265,0.636098915275055,0.016467152163386345,0.04500877857208252,0.01849668100476265
6,10000,0.6353635363536354,0.6815584657545736,0.007884420557031964,0.023226796691313348,0.05374773130894089,0.006859221757589324,0.0013149853675217718,0.003574374026924584,0.6350519198024777,0.01827789656817913,0.2664221525192261,0.021055473014712334
