,N data,ACC,ROCAUC,WD test,WD grid,Avg UE,Std UE,Mean KL-div test,Mean KL-div grid,LogLoss,ECE,MCE,RMSCE
0,250,0.7081708170817081,0.7864931335321657,0.0784880331306331,0.02272160861880549,0.05262245693415408,0.03631579809692633,0.067505962208294,0.03060205368644277,0.6059111748783044,0.10090292990207672,0.15875908732414246,0.10973095893859863
1,1000,0.7297729772977297,0.814433863834602,0.03230365377613826,0.019094341519193855,0.04355926656217022,0.0180565848349938,0.018280840776032904,0.005098066972729486,0.5204381065776325,0.028413549065589905,0.074817955493927,0.033954866230487823
2,5000,0.7405740574057406,0.8197814192212761,0.019643481601540502,0.014348634034510711,0.05082404644137514,0.025525748638371166,0.014390955557751798,0.0020032839376110047,0.5127313522746935,0.023157302290201187,0.05992406606674194,0.02932499535381794
